{
  "caracteristics": [
    {
      "name": "Small Creature",
      "caracs": {
        "brawn": 1,
        "agility": 2,
        "intellect": 1,
        "cunning": 3,
        "willpower": 1,
        "presence": 1
      },
      "power_level": {
        "combat": -1,
        "social": -1,
        "general": 0
      },
      "ex": "Mouse, bird, snake, cat"
    },
    {
      "name": "Large Creature",
      "caracs": {
        "brawn": 4,
        "agility": 2,
        "intellect": 1,
        "cunning": 2,
        "willpower": 1,
        "presence": 1
      },
      "power_level": {
        "combat": 1,
        "social": -1,
        "general": 0
      },
      "ex": "Bear, ox, horse, cow, ram"
    },
    {
      "name": "Stealthy Creature",
      "caracs": {
        "brawn": 2,
        "agility": 3,
        "intellect": 1,
        "cunning": 3,
        "willpower": 1,
        "presence": 1
      },
      "power_level": {
        "combat": 0,
        "social": -1,
        "general": 0
      },
      "ex": "Puma, deer, shark"
    },
    {
      "name": "Huge Creature",
      "caracs": {
        "brawn": 5,
        "agility": 1,
        "intellect": 1,
        "cunning": 1,
        "willpower": 1,
        "presence": 1
      },
      "power_level": {
        "combat": 1,
        "social": -1,
        "general": -1
      },
      "ex": "Elephant, dinosaur"
    },
    {
      "name": "Average Person ",
      "caracs": {
        "brawn": 2,
        "agility": 2,
        "intellect": 2,
        "cunning": 2,
        "willpower": 2,
        "presence": 2
      },
      "power_level": {
        "combat": 0,
        "social": 0,
        "general": 0
      },
      "ex": "Any regular person"
    },
    {
      "name": "Tough Person",
      "caracs": {
        "brawn": 3,
        "agility": 2,
        "intellect": 2,
        "cunning": 2,
        "willpower": 2,
        "presence": 1
      },
      "power_level": {
        "combat": 0,
        "social": -1,
        "general": 0
      },
      "ex": "Laborer, mob tough, soldier"
    },
    {
      "name": "Smart Person",
      "caracs": {
        "brawn": 1,
        "agility": 2,
        "intellect": 3,
        "cunning": 2,
        "willpower": 2,
        "presence": 2
      },
      "power_level": {
        "combat": -1,
        "social": 0,
        "general": 0
      },
      "ex": "Student, medic, hacker"
    },
    {
      "name": "Sociable Person",
      "caracs": {
        "brawn": 2,
        "agility": 2,
        "intellect": 2,
        "cunning": 2,
        "willpower": 1,
        "presence": 3
      },
      "power_level": {
        "combat": 0,
        "social": 0,
        "general": 0
      },
      "ex": "Politician, manager"
    },
    {
      "name": "Jack of All Trades",
      "caracs": {
        "brawn": 3,
        "agility": 3,
        "intellect": 3,
        "cunning": 3,
        "willpower": 3,
        "presence": 3
      },
      "power_level": {
        "combat": 1,
        "social": 1,
        "general": 1
      },
      "ex": "Any competent person"
    },
    {
      "name": "Skilled Warrior",
      "caracs": {
        "brawn": 4,
        "agility": 3,
        "intellect": 2,
        "cunning": 2,
        "willpower": 3,
        "presence": 1
      },
      "power_level": {
        "combat": 2,
        "social": 0,
        "general": 0
      },
      "ex": "Knight, berserker, veteran"
    },
    {
      "name": "Savant",
      "caracs": {
        "brawn": 2,
        "agility": 1,
        "intellect": 5,
        "cunning": 2,
        "willpower": 2,
        "presence": 1
      },
      "power_level": {
        "combat": -1,
        "social": -1,
        "general": 1
      },
      "ex": "Scholar, researcher, surgeon"
    },
    {
      "name": "Born Leader",
      "caracs": {
        "brawn": 2,
        "agility": 2,
        "intellect": 2,
        "cunning": 3,
        "willpower": 3,
        "presence": 5
      },
      "power_level": {
        "combat": 0,
        "social": 2,
        "general": 0
      },
      "ex": "President, ruler, general"
    },
    {
      "name": "Cunning Foe",
      "caracs": {
        "brawn": 2,
        "agility": 4,
        "intellect": 2,
        "cunning": 4,
        "willpower": 2,
        "presence": 2
      },
      "power_level": {
        "combat": 1,
        "social": 0,
        "general": 1
      },
      "ex": "Spy, assassin, military scout"
    },
    {
      "name": "Mastermind",
      "caracs": {
        "brawn": 3,
        "agility": 3,
        "intellect": 4,
        "cunning": 4,
        "willpower": 5,
        "presence": 3
      },
      "power_level": {
        "combat": 1,
        "social": 2,
        "general": 2
      },
      "ex": "The main villain in a story"
    }
  ],
  "skills": [
    {
      "name": "Basic Creature",
      "skills": {
        "athletics": 1,
        "brawl": 1,
        "survival": 2,
        "vigilance": 2
      },
      "power_level": {
        "combat": 0,
        "social": 0,
        "general": 0
      }
    },
    {
      "name": "Ferocious Creature",
      "skills": {
        "athletics": 3,
        "brawl": 4,
        "perception": 2,
        "survival": 3,
        "vigilance": 1
      },
      "power_level": {
        "combat": 1,
        "social": 0,
        "general": 1
      }
    },
    {
      "name": "Predatory Creature",
      "skills": {
        "brawl": 3,
        "coordination": 3,
        "perception": 4,
        "survival": 2,
        "stealth": 3
      },
      "power_level": {
        "combat": 1,
        "social": 0,
        "general": 1
      }
    },
    {
      "name": "Territorial Creature",
      "skills": {
        "brawl": 2,
        "resilience": 3,
        "survival": 4,
        "vigilance": 4
      },
      "power_level": {
        "combat": 0,
        "social": 0,
        "general": 2
      }
    },
    {
      "name": "Soldier",
      "skills": {
        "athletics": 2,
        "discipline": 1,
        "melee": 2,
        "ranged": 2,
        "resilience": 2,
        "vigilance": 2
      },
      "power_level": {
        "combat": 1,
        "social": 0,
        "general": 1
      }
    },
    {
      "name": "Duelist",
      "skills": {
        "cool": 3,
        "coordination": 3,
        "melee": 5,
        "stealth": 1
      },
      "power_level": {
        "combat": 1,
        "social": 0,
        "general": 0
      }
    },
    {
      "name": "Scout/Sniper",
      "skills": {
        "cool": 2,
        "perception": 3,
        "ranged": 5,
        "stealth": 4,
        "survival": 3,
        "vigilance": 3
      },
      "power_level": {
        "combat": 2,
        "social": 0,
        "general": 2
      }
    },
    {
      "name": "Brawler/Laborer",
      "skills": {
        "athletics": 3,
        "brawl": 2,
        "resilience": 3
      },
      "power_level": {
        "combat": 0,
        "social": 0,
        "general": 0
      }
    },
    {
      "name": "Gunslinger",
      "skills": {
        "cool": 3,
        "coordination": 2,
        "ranged": 4,
        "skulduggery": 3
      },
      "power_level": {
        "combat": 1,
        "social": 0,
        "general": 0
      }
    },
    {
      "name": "Sailor",
      "skills": {
        "athletics": 2,
        "operating": 3,
        "perception": 2,
        "ranged": 1,
        "vigilance": 1
      },
      "power_level": {
        "combat": 0,
        "social": 0,
        "general": 1
      }
    },
    {
      "name": "Spy/Con Artist",
      "skills": {
        "cool": 2,
        "charm": 3,
        "deception": 4,
        "knowledge": 1,
        "skulduggery": 4,
        "stealth": 3
      },
      "power_level": {
        "combat": 0,
        "social": 2,
        "general": 2
      }
    },
    {
      "name": "Thief/Assassin",
      "skills": {
        "coordination": 3,
        "deception": 2,
        "melee": 3,
        "skulduggery": 4,
        "stealth": 5,
        "streetwise": 3,
        "vigilance": 1
      },
      "power_level": {
        "combat": 1,
        "social": 0,
        "general": 4
      }
    },
    {
      "name": "Researcher",
      "skills": {
        "astrocartography": 5,
        "computers": 3,
        "discipline": 2,
        "knowledge": 5,
        "perception": 4
      },
      "power_level": {
        "combat": 0,
        "social": 0,
        "general": 5
      }
    },
    {
      "name": "Natural Philosopher",
      "skills": {
        "alchemy": 4,
        "knowledge": 4,
        "medicine": 2,
        "negotiation": 1,
        "perception": 2
      },
      "power_level": {
        "combat": 0,
        "social": 0,
        "general": 3
      }
    },
    {
      "name": "Doctor",
      "skills": {
        "cool": 2,
        "discipline": 2,
        "leadership": 1,
        "medicine": 4,
        "melee": 1
      },
      "power_level": {
        "combat": 0,
        "social": 1,
        "general": 2
      }
    },
    {
      "name": "Knight/Warrior Leader",
      "skills": {
        "athletics": 1,
        "discipline": 2,
        "driving": 3,
        "leadership": 3,
        "melee": 4,
        "riding": 3
      },
      "power_level": {
        "combat": 1,
        "social": 2,
        "general": 2
      }
    },
    {
      "name": "Captain of a Vessel",
      "skills": {
        "astrocartography": 4,
        "coercion": 2,
        "discipline": 3,
        "leadership": 4,
        "operating": 4,
        "ranged": 3
      },
      "power_level": {
        "combat": 1,
        "social": 2,
        "general": 3
      }
    },
    {
      "name": "Politician/Official",
      "skills": {
        "charm": 4,
        "coercion": 2,
        "cool": 2,
        "leadership": 3,
        "negotiation": 5,
        "vigilance": 1
      },
      "power_level": {
        "combat": 0,
        "social": 3,
        "general": 1
      }
    },
    {
      "name": "Mage",
      "skills": {
        "alchemy": 2,
        "arcana": 4,
        "coercion": 2,
        "knowledge": 4
      },
      "power_level": {
        "combat": 2,
        "social": 0,
        "general": 2
      }
    },
    {
      "name": "Priest",
      "skills": {
        "charm": 2,
        "discipline": 3,
        "divine": 4,
        "knowledge": 4
      },
      "power_level": {
        "combat": 2,
        "social": 1,
        "general": 2
      }
    },
    {
      "name": "Druid",
      "skills": {
        "knowledge": 4,
        "primal": 4,
        "survival": 3,
        "vigilance": 2
      },
      "power_level": {
        "combat": 2,
        "social": 0,
        "general": 2
      }
    },
    {
      "name": "Pilot/Driver/Rider",
      "skills": {
        "cool": 2,
        "coordination": 3,
        "driving": 4,
        "piloting": 4,
        "ranged": 3,
        "riding": 4
      },
      "power_level": {
        "combat": 1,
        "social": 0,
        "general": 3
      }
    },
    {
      "name": "Merchant",
      "skills": {
        "charm": 2,
        "deception": 3,
        "negotiation": 3,
        "perception": 2,
        "vigilance": 3
      },
      "power_level": {
        "combat": 0,
        "social": 3,
        "general": 0
      }
    },
    {
      "name": "Crime Boss",
      "skills": {
        "brawl": 4,
        "coercion": 5,
        "discipline": 2,
        "leadership": 2,
        "ranged": 2,
        "streetwise": 4
      },
      "power_level": {
        "combat": 2,
        "social": 3,
        "general": 1
      }
    },
    {
      "name": "Bureaucrat",
      "skills": {
        "cool": 3,
        "discipline": 3,
        "knowledge": 2,
        "negotiation": 2,
        "vigilance": 3
      },
      "power_level": {
        "combat": 0,
        "social": 3,
        "general": 1
      }
    },
    {
      "name": "Mechanic",
      "skills": {
        "athletics": 2,
        "brawl": 1,
        "computers": 1,
        "mechanics": 4,
        "resilience": 3
      },
      "power_level": {
        "combat": 0,
        "social": 0,
        "general": 3
      }
    },
    {
      "name": "Hacker",
      "skills": {
        "computers": 5,
        "cool": 2,
        "deception": 2,
        "streetwise": 2
      },
      "power_level": {
        "combat": 0,
        "social": 1,
        "general": 3
      }
    },
    {
      "name": "Criminal Tough",
      "skills": {
        "brawl": 2,
        "coercion": 3,
        "resilience": 3,
        "skulduggery": 3,
        "streetwise": 2
      },
      "power_level": {
        "combat": 0,
        "social": 1,
        "general": 2
      }
    },
    {
      "name": "Investigator",
      "skills": {
        "charm": 2,
        "coercion": 2,
        "discipline": 3,
        "perception": 3,
        "streetwise": 3,
        "survival": 3,
        "vigilance": 3
      },
      "power_level": {
        "combat": 0,
        "social": 2,
        "general": 3
      }
    },
    {
      "name": "Wrangler/Survivalist",
      "skills": {
        "athletics": 4,
        "coordination": 2,
        "perception": 3,
        "ranged": 2,
        "riding": 3,
        "survival": 4
      },
      "power_level": {
        "combat": 0,
        "social": 0,
        "general": 3
      }
    },
    {
      "name": "Cop/Town Guard",
      "skills": {
        "coercion": 2,
        "driving": 2,
        "leadership": 2,
        "melee": 2,
        "ranged": 2
      },
      "power_level": {
        "combat": 1,
        "social": 1,
        "general": 0
      }
    }
  ],
  "talents": [
    {
      "talent": "Adversary 1",
      "power_level": {
        "combat": 0,
        "social": 0,
        "general": 0
      },
      "desc": "Passive; Upgrade the difficulty of all combat checks targeting this character once per rank of Adversary."
    },
    {
      "talent": "Adversary 2",
      "power_level": {
        "combat": 1,
        "social": 0,
        "general": 0
      },
      "desc": "Passive; Upgrade the difficulty of all combat checks targeting this character once per rank of Adversary."
    },
    {
      "talent": "Adversary 3",
      "power_level": {
        "combat": 2,
        "social": 0,
        "general": 0
      },
      "desc": "Passive; Upgrade the difficulty of all combat checks targeting this character once per rank of Adversary."
    },
    {
      "talent": "Animal Companion",
      "power_level": {
        "combat": 1,
        "social": 0,
        "general": 1
      },
      "desc": "Passive; Your character creates a bond with a single animal approved by your GM. This animal must be silhouette 0 (no larger than a mid-sized dog). The bond persists as long as your character chooses, although at your GM’s discretion, the bond may also be broken due to abusive treatment or other extenuating circumstances.  As long as the bond persists, the animal follows your character, and you dictate the animal’s overall behavior (although, since the animal is only bonded with the character, not dominated, it may still perform inconvenient actions such as scratching furniture, consuming rations, and marking territory). Once per round in structured encounters, your character may spend one maneuver to direct their animal in performing one action and one maneuver during your character’s turn. The animal must be within hearing and visual range of your character (generally medium range) to do this. Otherwise, the animal does not contribute to the encounter. The specifics of its behavior are up to you and your GM.  For every additional rank of Animal Companion your character has, increase the allowed silhouette of the companion by one (this may mean your character gets a new companion, or their companion grows in size).  This talent can also change in flavor depending on the nature of your game setting. While an animal companion may make sense in many settings, in a futuristic setting it may make more sense for the “animal” to be a robot or drone, for example."
    },
    {
      "talent": "Barrel Roll",
      "power_level": {
        "combat": 1,
        "social": 0,
        "general": 0
      },
      "desc": "Active (Incidental, Out of Turn); Your character can only use this talent while piloting a starfighter or airplane of Silhouette 3 or less. When your vehicle suffers a hit from a ranged combat check, after damage is calculated but before armor is applied, your character may have their vehicle suffer 3 system strain to use this talent. Then, reduce the damage suffered by a number equal to their ranks in Piloting."
    },
    {
      "talent": "Berserk",
      "power_level": {
        "combat": 0,
        "social": 0,
        "general": 0
      },
      "desc": "Activation: Active (Maneuver); Once per encounter, your character may use this talent.  Until the end of the encounter or until they are incapacitated, your character adds 󲊵 󲊴 󲊴 to all melee combat checks they make. However, opponents add 󲊵 to all combat checks targeting your character. While berserk, your character cannot make ranged combat checks.  At the end of the encounter (or when they are incapacitated), your character suffers 6 strain."
    },
    {
      "talent": "Brilliant Casting",
      "power_level": {
        "combat": 1,
        "social": 0,
        "general": 0
      },
      "desc": "page 95"
    },
    {
      "talent": "Clever Retort",
      "power_level": {
        "combat": 0,
        "social": 0,
        "general": 0
      },
      "desc": "Active (Incidental, Out of Turn); Once per encounter, your character may use this talent to add automatic 󲊱 󲊱 to another character’s social skill check"
    },
    {
      "talent": "Coordinated Assault 3",
      "power_level": {
        "combat": 1,
        "social": 0,
        "general": 0
      },
      "desc": "Active (Maneuver); Once per turn, your character may use this talent to have a number of allies engaged with your character equal to your ranks in Leadership add 󲊴 to all combat checks they make until the end of your character’s next turn. The range of this talent increases by one band per rank of Coordinated Assault beyond the first."
    },
    {
      "talent": "Distinctive Style",
      "power_level": {
        "combat": 0,
        "social": 0,
        "general": 1
      },
      "desc": "Active (Incidental); When making a Computers check to hack a system or break into a secured network, before rolling, your character may use this talent to add 󲊵 󲊵 󲊱 󲊱 to the results. Tier: 3 If you are using the optional hacking rules on page 232 and your check generates 󲊱 󲊱, your GM should spend it on the I Know You! option in Table I.2-22 on page 234."
    },
    {
      "talent": "Dual Wielder",
      "power_level": {
        "combat": 1,
        "social": 0,
        "general": 0
      },
      "desc": "Active (Maneuver); Your character may use this talent to decrease the difficulty of the next combined combat check (see Two-Weapon Combat, on page 108) they make during the same turn by one."
    },
    {
      "talent": "Duelist",
      "power_level": {
        "combat": 0,
        "social": 0,
        "general": 0
      },
      "desc": "Passive; Your character adds 󲊸 to their melee combat checks while engaged with a single opponent. Your character adds 󲊹 to their melee combat checks while engaged with three or more opponents."
    },
    {
      "talent": "Elementalist",
      "power_level": {
        "combat": 0,
        "social": 0,
        "general": 0
      },
      "desc": "page 95"
    },
    {
      "talent": "Explosive Casting",
      "power_level": {
        "combat": 1,
        "social": 0,
        "general": 0
      },
      "desc": "page 96"
    },
    {
      "talent": "Face of the Wild",
      "power_level": {
        "combat": 1,
        "social": 0,
        "general": 1
      },
      "desc": "page 97"
    },
    {
      "talent": "Field Commander",
      "power_level": {
        "combat": 1,
        "social": 0,
        "general": 1
      },
      "desc": "Active (Action); Your character may use this talent to make an Average (󲊷 󲊷) Leadership check. If successful, a number of allies equal to your character’s Presence may immediately suffer 1 strain to perform one maneuver (out of turn). If there are any questions as to which allies take their maneuvers first, your character is the final arbiter."
    },
    {
      "talent": "Flicker Step",
      "power_level": {
        "combat": 1,
        "social": 0,
        "general": 1
      },
      "desc": "page 97"
    },
    {
      "talent": "Grenadier",
      "power_level": {
        "combat": 1,
        "social": 0,
        "general": 0
      },
      "desc": "Active (Incidental); When your character makes a ranged combat check with a weapon that has the Blast item quality, you may spend one Story Point to use this talent to trigger the weapon’s Blast quality, instead of spending 󲊴 (even if the attack misses). In addition, your character treats grenades as having a range of medium."
    },
    {
      "talent": "Hamstring Shot",
      "power_level": {
        "combat": 0,
        "social": 0,
        "general": 0
      },
      "desc": "Active (Action); Once per round, your character may use this talent to perform a ranged combat check against one non-vehicle target within range of the weapon used. If the check is successful, halve the damage inflicted by the attack (before reducing damage by the target’s soak). The target is immobilized until the end of its next turn."
    },
    {
      "talent": "Improved Field Commander",
      "power_level": {
        "combat": 2,
        "social": 0,
        "general": 1
      },
      "desc": "Passive; When your character uses the Field Commander talent, your character affects a number of allies equal to twice the character’s Presence.  In addition, you may spend 󲊲 to allow one ally to suffer 1 strain to perform an action, instead of a maneuver."
    },
    {
      "talent": "Improved Inspiring Rhetoric",
      "power_level": {
        "combat": 0,
        "social": 0,
        "general": 1
      },
      "desc": "Active (Action); Your character may use this talent to make an Average (󲊷 󲊷) Leadership check. For each 󲊵 the check generates, one ally within short range heals one strain. For each 󲊴, one ally benefiting from Inspiring Rhetoric heals one additional strain. Allies affected by your character’s Inspiring Rhetoric add 󲊸 to all skill checks they make for a number of rounds equal to your character's rank in Leadership."
    },
    {
      "talent": "Improved Parry",
      "power_level": {
        "combat": 1,
        "social": 0,
        "general": 0
      },
      "desc": "Active (Incidental, Out of Turn); When your character suffers a hit from a melee combat check and uses Parry to reduce the damage from that hit, after the attack is resolved, you may spend 󲊳 or 󲊱 󲊱 󲊱 from the attacker’s check to use this talent. Then, your character automatically hits the attacker once with a Brawl or Melee weapon your character is wielding. The hit deals the weapon’s base damage, plus any damage from applicable talents or abilities. Your character can’t use this talent if the original attack incapacitates them."
    },
    {
      "talent": "Improved Scathing Tirade",
      "power_level": {
        "combat": 0,
        "social": 1,
        "general": 0
      },
      "desc": "Active (Action); Your character may use this talent to make an Average (󲊷 󲊷) Coercion check. For each 󲊵 the check generates, one enemy within short range suffers 1 strain. For each 󲊴, one enemy affected by Scathing Tirade suffers 1 additional strain. Enemies affected by your character’s Scathing Tirade add 󲊸 to all skill checks they make for a number of rounds equal to your character’s ranks in Coercion."
    },
    {
      "talent": "Indomitable",
      "power_level": {
        "combat": 1,
        "social": 1,
        "general": 0
      },
      "desc": "Active (Incidental, Out of Turn); Once per encounter, when your character would be incapacitated due to exceeding their wound or strain threshold, you may spend a Story Point to use this talent. Then, your character is not incapacitated until the end of their next turn. If your character reduces their strain or wounds to below their threshold before the end of their next turn, they are not incapacitated."
    },
    {
      "talent": "Lucky Strike",
      "power_level": {
        "combat": 1,
        "social": 0,
        "general": 0
      },
      "desc": "Active (Incidental); When your character purchases this talent, choose one characteristic. After your character makes a successful combat check, you may spend one Story Point to use this talent to add damage equal to your character’s ranks in that characteristic to one hit of the combat check."
    },
    {
      "talent": "Master",
      "power_level": {
        "combat": 1,
        "social": 1,
        "general": 1
      },
      "desc": "Active (Incidental); When you purchase this talent for your character, choose one skill. Once per round, your character may suffer 2 strain to use this talent to reduce the difficulty of the next check they make using that skill by two, to a minimum of Easy (󲊷)."
    },
    {
      "talent": "Masterful Casting",
      "power_level": {
        "combat": 1,
        "social": 0,
        "general": 0
      },
      "desc": "page 97"
    },
    {
      "talent": "Natural",
      "power_level": {
        "combat": 1,
        "social": 1,
        "general": 1
      },
      "desc": "Active (Incidental); When your character purchases this talent, choose two skills. Once per session, your character may use this talent to reroll one skill check that uses one of those two skills."
    },
    {
      "talent": "Parry 3",
      "power_level": {
        "combat": 1,
        "social": 0,
        "general": 0
      },
      "desc": "Active (Incidental, Out of Turn); When your character suffers a hit from a melee combat check, after damage is calculated but before soak is applied (so immediately after Step 3 of Perform a Combat check, page 102), your character may suffer 3 strain to use this talent to reduce the damage of the hit by two plus their ranks in Parry. This talent can only be used once per hit, and your character needs to be wielding a Melee weapon."
    },
    {
      "talent": "Quick Draw",
      "power_level": {
        "combat": 0,
        "social": 0,
        "general": 0
      },
      "desc": "Active (Incidental); Once per round on your character’s turn, they may use this talent to draw or holster an easily accessible weapon or item as an incidental. Quick Draw also reduces a weapon’s Prepare rating by one, to a minimum of one."
    },
    {
      "talent": "Ruinous Repartee",
      "power_level": {
        "combat": 0,
        "social": 2,
        "general": 0
      },
      "desc": "Active (Action); Once per encounter, your character may use this talent to make an opposed Charm or Coercion versus Discipline check targeting one character within medium range (or within earshot). If successful, the target suffers strain equal to twice your character’s Presence, plus one additional strain per 󲊵. Your character heals strain equal to the strain inflicted."
    },
    {
      "talent": "Second Wind 4",
      "power_level": {
        "combat": 0,
        "social": 1,
        "general": 0
      },
      "desc": "Active (Incidental); Once per encounter, your character may use this talent to heal an amount of strain equal to their ranks in Second Wind."
    },
    {
      "talent": "Strength of Faith",
      "power_level": {
        "combat": 1,
        "social": 0,
        "general": 1
      },
      "desc": "page 97"
    },
    {
      "talent": "Surgeon 2",
      "power_level": {
        "combat": 0,
        "social": 0,
        "general": 1
      },
      "desc": "Passive; When your character makes a Medicine check to heal wounds, the target heals one additional wound per rank of Surgeon."
    }
  ],
  "abilities": [
    {
      "ability": "Aquatic (or Amphibious)",
      "desc": "This adversary may breathe underwater and never suffers movement penalties for traveling through water, but cannot survive on land. (You may remove \"cannot survive on land\" to make this \"Amphibious\" instead.)",
      "ex": "Fish or sea-going creatures",
      "power_level": {
        "combat": 0,
        "social": 0,
        "general": 1
      }
    },
    {
      "ability": "Flyer",
      "desc": "This adversary can fly; see page 100 of the Genesys Core Rulebook.",
      "ex": "Flying creatures",
      "power_level": {
        "combat": 0,
        "social": 0,
        "general": 1
      }
    },
    {
      "ability": "Ghostly",
      "desc": "This adversary may move over or through terrain (including doors and walls) without penalty. Halve the damage dealt to this adversary before applying soak, unless the attack came from a magical or supernatural source such as a spell, a blessed weapon, or another spirit.",
      "ex": "Ghosts, spirits, or ethereal beings",
      "power_level": {
        "combat": 2,
        "social": 0,
        "general": 1
      }
    },
    {
      "ability": "Know Your Foe",
      "desc": "If this adversary knows an opponent's (pick one facet) Motivation, when this adversary inflicts strain on the opponent, the opponent suffers 3 additional strain.",
      "ex": "Sentient rivals and nemeses designed for social encounters",
      "power_level": {
        "combat": 0,
        "social": 1,
        "general": 0
      }
    },
    {
      "ability": "Loyal Followers",
      "desc": "Once per round when this adversary is targeted by a combat check, they may choose one ally within short range, and the attack then targets the ally instead of this adversary.",
      "ex": "Nemesis leaders with fanatical or devoted followers",
      "power_level": {
        "combat": 1,
        "social": 0,
        "general": 0
      }
    },
    {
      "ability": "Mechanical (or Undead)",
      "desc": "This adversary does not need to breathe, eat, or drink, and can survive in a vacuum and underwater. They are immune to poisons and toxins.",
      "ex": "Robots, drones, or undead adversaries",
      "power_level": {
        "combat": 0,
        "social": 0,
        "general": 2
      }
    },
    {
      "ability": "Mental Weakness",
      "desc": "If an opponent knows the adversary's (pick one type) Motivation, when the opponent inflicts strain on the adversary, the adversary suffers 2 additional strain.",
      "ex": "Any character with a pronounced character flaw",
      "power_level": {
        "combat": 0,
        "social": -1,
        "general": 0
      }
    },
    {
      "ability": "Ominous Reputation",
      "desc": "When an opponent targets this adversary with a check, the opponent suffers 2 strain.",
      "ex": "Powerful nemeses with a fearsome reputation",
      "power_level": {
        "combat": 1,
        "social": 2,
        "general": 0
      }
    },
    {
      "ability": "One Step Ahead",
      "desc": "Once per round, after an opponent performs an action or maneuver, you may spend one Story Point to have this adversary perform an action or maneuver as an out-of-turn incidental.",
      "ex": "Powerful nemeses who combat the PCs alone",
      "power_level": {
        "combat": 2,
        "social": 1,
        "general": 0
      }
    },
    {
      "ability": "Pack Fighter",
      "desc": "If this adversary makes a successful combat check, the next ally making a combat check against the same target during the same round adds 󲊴 󲊴 to the results.",
      "ex": "Creatures that fight in groups",
      "power_level": {
        "combat": 1,
        "social": 0,
        "general": 0
      }
    },
    {
      "ability": "Pounce",
      "desc": "Once per turn, while at short range this adversary may perform the move maneuver to engage a target as an incidental.",
      "ex": "Fast creatures that can leap or lunge at foes",
      "power_level": {
        "combat": 0,
        "social": 0,
        "general": 0
      }
    },
    {
      "ability": "Swarm",
      "desc": "Halve the damage dealt to this adversary before applying soak, unless the attack has the Blast or Burn quality (regardless of whether the quality is activated).",
      "ex": "A single profile representing a swarm of bugs or vermin",
      "power_level": {
        "combat": 1,
        "social": 0,
        "general": 0
      }
    },
    {
      "ability": "Tactical Direction",
      "desc": "This adversary may spend a maneuver to direct one friendly minion group within medium range. That group may immediately perform a maneuver as an out-of-turn incidental or add 󲊸 to the next check they make.",
      "ex": "Rivals and nemeses who lead or direct small groups",
      "power_level": {
        "combat": 0,
        "social": 0,
        "general": 0
      }
    },
    {
      "ability": "Environmental Vulnerability",
      "desc": "When exposed to extreme heat, cold, or another environmental effect (pick one), this adversary adds 󲊸 󲊸 to all skill checks it makes.",
      "ex": "Creatures adapted to living in certain climates",
      "power_level": {
        "combat": -1,
        "social": -1,
        "general": -1
      }
    },
    {
      "ability": "Terrifying",
      "desc": "At the start of the encounter, all opponents must make a Hard (󲊷 󲊷 󲊷) fear check as an out-of-turn incidental, as per page 243 of the Genesys Core Rulebook. If there are multiple sources of fear in the encounter, the opponents only make one fear check against the most terrifying enemy.",
      "ex": "Large monsters, creatures, and individuals who are incredibly frightening",
      "power_level": {
        "combat": 1,
        "social": 1,
        "general": 1
      }
    }
  ],
  "equipment": [
    {
      "name": "Small Beast or Creature",
      "power_level": {
        "combat": 0,
        "social": 0,
        "general": 0
      },
      "desc": "Creatures and wild animals attack with their claws, teeth, tusks, or hooves. We treat these attacks as equipment, and have provided a few options here. These profiles represent creatures that are human-sized or smaller.",
      "weapons": "Teeth and claws (Brawl; Damage +2; Critical 3; Range [Engaged]; Vicious 1) or hooves and tusks (Brawl; Damage +2; Critical 4; Range [Engaged]; Knockdown, Stun 2).",
      "equipment": "None."
    },
    {
      "name": "Large Beast or Creature",
      "power_level": {
        "combat": 1,
        "social": 0,
        "general": 0
      },
      "desc": "Large creatures, as with small ones, treat their attacks as equipment. These profiles represent creatures much larger than a human, such as an elephant or large dinosaur.",
      "weapons": "Gaping maw or razor claws (Brawl; Damage +4; Critical 2; Range [Engaged]; Vicious 3), tentacles or thundering hooves (Brawl; Damage +5; Critical 4; Range [Engaged]; Knockdown, Concussive 1).",
      "equipment": "None."
    },
    {
      "name": "Manual Laborer",
      "power_level": {
        "combat": 0,
        "social": 0,
        "general": 0
      },
      "desc": "Manual laborers may be farmers, peasants, or others with access to pitchforks, shovels, sledgehammers, or other tools they can use as improvised weapons.",
      "weapons": "Large farming implement (Melee [Heavy]; Damage +3; Critical 5; Range [Engaged]; Cumbersome 3, Inferior).",
      "equipment": "Heavy clothes (+1 soak).",
      "defense": {
        "soak": 1
      }
    },
    {
      "name": "Basic Citizen",
      "power_level": {
        "combat": 0,
        "social": 0,
        "general": 0
      },
      "desc": "In every setting, there are multitudes of average people simply living out their lives. This equipment package is for any character who has no reason to have weapons, armor, or specialized gear.",
      "weapons": "Fists (Brawl; Damage +0; Critical 6; Range [Engaged]; Disorient 1, Knockdown).",
      "equipment": "Clothing appropriate to the specific era, average coin purse or wallet."
    },
    {
      "name": "Blue-Collar Worker",
      "power_level": {
        "combat": 0,
        "social": 0,
        "general": 1
      },
      "desc": "Those who build, repair, work outdoors, and work with their hands have access to various tools or scrap that can be used as a weapon in a pinch.",
      "weapons": "Improvised brawling weapon (Brawl; Damage +1; Critical 5; Range [Engaged]; Disorient 2, Inferior).",
      "equipment": "Heavy clothing (+1 soak), tool belt full of tools (add 󲊵to checks this character makes to repair of fix something), wallet.",
      "defense": {
        "soak": 1
      }
    },
    {
      "name": "Traveler",
      "power_level": {
        "combat": 0,
        "social": 0,
        "general": 0
      },
      "desc": "Travelers may be traders, shepherds, or wanderers who spend their time walking and sleeping outdoors.",
      "weapons": "Walking staff (Melee [Heavy]; Damage +2; Critical 4; Range [Engaged]; Defensive 1, Disorient 2).",
      "equipment": "Heavy cloak (1 defense), survival pack (removes 󲊸 from Survival or Perception checks this character makes), meager coin purse or wallet.",
      "defense": {
        "ranged defense": 1,
        "melee defense": 1
      }
    },
    {
      "name": "Criminal",
      "power_level": {
        "combat": 1,
        "social": 0,
        "general": 1
      },
      "desc": "Muggers, bandits, and thieves are all possible criminals.",
      "weapons": "Concealable melee weapon (Melee [Light]; Damage +1; Critical 2; Range [Engaged]; Pierce 2).",
      "equipment": "Dark clothing (2 defense, adds 󲊸 to Stealth checks this character makes), thieves’ tools (add 󲊴 to Skulduggery checks this character makes to open locks), backpack, rope with grappling hook.",
      "defense": {
        "ranged defense": 2,
        "melee defense": 2
      }
    },
    {
      "name": "Doctor",
      "power_level": {
        "combat": 0,
        "social": 0,
        "general": 1
      },
      "desc": "This equipment array can be used for any sort of doctor or medical professional, from ancient barber-surgeons to modern general practitioners.",
      "weapons": "Sharp medical tool (Melee [Light]; Damage +0; Critical 1; Range [Engaged]).",
      "equipment": "Clean clothing and face protection (add 󲊸 to Resilience checks made by this character to resist disease or airborne toxins), medicine kit (allows this character to perform Medicine checks to heal wounds and critical injuries without penalty; after this character makes a successful Medicine check to heal wounds, heal one additional wound), notebook."
    },
    {
      "name": "Noble",
      "power_level": {
        "combat": 0,
        "social": 1,
        "general": 0
      },
      "desc": "Well-dressed, well-to-do members of society, nobles are typical of the aristocracy.",
      "weapons": "Dueling weapon (Melee [Light]; Damage +2; Critical 3; Range [Engaged]; Defensive 1).",
      "equipment": "Fancy clothing (adds 󲊴 to any social skill checks this character makes), signet of authority (adds 󲊵 to any social checks this character makes when interacting with someone of a lesser social standing), important documents, full coin purse or wallet."
    },
    {
      "name": "Basic Ranged Warrior",
      "power_level": {
        "combat": 2,
        "social": 0,
        "general": 0
      },
      "desc": "The ranged warrior array is ideal for medieval archers, modern infantry, and futuristic soldiers. It can also be used to equip characters who work in the wilderness.",
      "weapons": "Two-handed ranged weapon (Ranged; Damage 8; Critical 3; Range [Long]), one-handed backup weapon (Melee [Light]; Damage +2; Critical 3; Range [Engaged]; Vicious 1).",
      "equipment": "Reinforced uniform or light armor (+1 soak), ammunition reload (may spend a maneuver to reload their ranged weapon after it runs out of ammo), survival pack (removes 󲊸 from Survival or Perception checks this character makes), 1 painkiller.",
      "defense": {
        "soak": 1
      }
    },
    {
      "name": "Heavy Ranged Warrior",
      "power_level": {
        "combat": 4,
        "social": 0,
        "general": 0
      },
      "desc": "This equipment array represents warriors who use very powerful ranged weapons to support their fellows.  These might be scorpions or ballista in ancient times, modern machine guns, or futuristic rocket weapons.",
      "weapons": "Heavy rapid-firing ranged weapon (Gunnery; Damage 12; Critical 3; Range [Long]; Auto-Fire, Cumbersome 3, Vicious 2) or powerful single-shot ranged weapon (Gunnery; Damage 20; Critical 2; Range [Extreme]; Blast 10, Breach 2, Cumbersome 4, Limited Ammo 1, Prepare 1).",
      "equipment": "Heavy defensive armor (+3 soak), ammunition reload (may spend a maneuver to reload their ranged weapon after it runs out of ammo), backpack.",
      "defense": {
        "soak": 3
      }
    },
    {
      "name": "Basic Melee Warrior",
      "power_level": {
        "combat": 1,
        "social": 0,
        "general": 0
      },
      "desc": "The basic melee warrior array can be used to equip the rank-and-file of ancient armies, modern riot cops, or even futuristic soldiers with powerful defenses.",
      "weapons": "One-handed defensive melee weapon (Melee [Light]; Damage +2; Critical 4; Range [Engaged]; Defensive 1), shield (Melee [Light]; Damage +0; Critical 6; Range [Engaged]; Defensive 1, Deflection 1, Inaccurate 1, Knockdown).",
      "equipment": "Medium armor (+2 soak), satchel.",
      "defense": {
        "soak": 2
      }
    },
    {
      "name": "Heavy Melee Warrior",
      "power_level": {
        "combat": 2,
        "social": 0,
        "general": 0
      },
      "desc": "This equips a character who relies on their armor to get close enough to bring heavy melee weapons to bear.  This could be used by a brave knight, a noble samurai, or a power-armored soldier with a plasma axe.",
      "weapons": "Two-handed powerful melee weapon (Melee [Heavy]; Damage +4; Critical 3; Range [Engaged]; Cumbersome 3, Pierce 2, Vicious 1) or one-handed versatile melee weapon (Melee [Light]; Damage +3; Critical 2; Range [Engaged]; Defensive 1) and shield (Melee [Light]; Damage +0; Critical 6; Range [Engaged]; Defensive 1, Deflection 1, Inaccurate 1, Knockdown).",
      "equipment": "Heavy armor (1 defense, +2 soak).",
      "defense": {
        "soak": 2,
        "ranged defense": 1,
        "melee defense": 1
      }
    },
    {
      "name": "Versatile Warrior",
      "power_level": {
        "combat": 1,
        "social": 0,
        "general": 0
      },
      "desc": "This equipment array works for characters who use a combination of melee and ranged weapons. This could represent a cavalry soldier who fights with saber and pistol, an officer with a sword and sidearm, or a noble in a militant culture.",
      "weapons": "One-handed versatile melee weapon (Melee [Light]; Damage +3; Critical 2; Range [Engaged]; Defensive 1), one-handed ranged weapon (Ranged [Light]; Damage 5; Critical 3; Range [Medium])",
      "equipment": "Reinforced clothing (1 defense, +1 soak).",
      "defense": {
        "soak": 1,
        "ranged defense": 1,
        "melee defense": 1
      }
    },
    {
      "name": "Adventurer",
      "power_level": {
        "combat": 1,
        "social": 0,
        "general": 0
      },
      "desc": "Adventurers journey into danger with a smile on their face and a torch in their hand. This could represent an explorer, an airship crewmember, or even a pirate.",
      "weapons": "One-handed ranged weapon (Ranged [Light]; Damage 6; Critical 3; Range [Medium]; Accurate 1), backup brawling weapon (Brawl; Damage +1; Critical 4; Range [Engaged]; Disorient 3).",
      "equipment": "Leather vest (+1 soak), backpack, length of rope, torch or other light source, and well-worn hat.",
      "defense": {
        "soak": 1
      }
    },
    {
      "name": "Bounty Hunter",
      "power_level": {
        "combat": 1,
        "social": 0,
        "general": 0
      },
      "desc": "In nearly every setting there is a need for people who hunt down criminals, escaped prisoners, or other fugitives. Their equipment helps them in their task.",
      "weapons": "Short-ranged entangling weapon (Ranged [Heavy]; Damage 4; Critical 5; Range [Short]; Disorient 3, Ensnare 3, Limited Ammo 1), stunning melee weapon (Melee [Light]; Damage +3; Critical 5; Range [Engaged]; Stun 4; Stun Damage).",
      "equipment": "Medium armor (+2 soak), warrants for bounties, restraints.",
      "defense": {
        "soak": 2
      }
    },
    {
      "name": "Game Hunter",
      "power_level": {
        "combat": 2,
        "social": 0,
        "general": 0
      },
      "desc": "Some individuals hunt from elevated tree-stands or blinds, waiting for prey to happen into range. This array could also be used for a sharpshooter or assassin.",
      "weapons": "Long-ranged hunting weapon (Ranged [Heavy]; Damage 9; Critical 3; Range [Extreme]; Accurate 1, Limited Ammo 2; reduce the difficulty of combat checks made at long or extreme range by 1).",
      "equipment": "Camouflage (2 defense, add 󲊸 to Stealth checks made by this character), survival pack (removes 󲊸 from Survival or Perception checks this character makes), ammunition reload (may spend a maneuver to reload their ranged weapon after it runs out of ammo).",
      "defense": {
        "ranged defense": 2,
        "melee defense": 2
      }
    },
    {
      "name": "Law Enforcement Officer",
      "power_level": {
        "combat": 1,
        "social": 0,
        "general": 0
      },
      "desc": "Law enforcement officials from modern cops to ancient town guards typically have some sort of protective clothing and then a ranged or melee weapon of some sort.",
      "weapons": "One-handed ranged weapon (Ranged [Light]; Damage 5; Critical 3; Range [Medium]) or one-handed bludgeoning weapon (Melee [Light]; Damage +3; Critical 4; Range [Engaged]; Disorient 2)",
      "equipment": "Light armor (+1 soak), badge of authority (adds 󲊸 to Coercion or Leadership checks this character makes), restraints, torch or other light source.",
      "defense": {
        "soak": 1
      }
    },
    {
      "name": "Pilot",
      "power_level": {
        "combat": 0,
        "social": 0,
        "general": 0
      },
      "desc": "Combat pilots or operators of air vehicles must always be ready to land in hostile territory. In the appropriate setting, the flight outfit can be sealed against vacuum.",
      "weapons": "Concealable ranged weapon (Ranged [Light]; Damage 5; Critical 4; Range [Short]).",
      "equipment": "Flight outfit, emergency survival kit (removes 󲊸 from Survival or Perception checks this character makes), 1 painkiller."
    },
    {
      "name": "Flashy Outlaw",
      "power_level": {
        "combat": 1,
        "social": 1,
        "general": 0
      },
      "desc": "This array can equip a criminal with a flair for large, dramatic, and potentially impractical weapons. This person probably gives off a certain roguish charm.",
      "weapons": "Intimidating ranged weapon (Ranged [Light]; Damage 7; Critical 3; Range [Medium]; Inaccurate 1).",
      "equipment": "Dashing coat with exposed holster (+1 soak, adds 󲊴 to the results of all Charm and Coercion checks this character makes), fancy cape or hat (removes 󲊸 from all social skill checks this character makes).",
      "defense": {
        "soak": 1
      }
    },
    {
      "name": "Defensive Magic User",
      "power_level": {
        "combat": 1,
        "social": 0,
        "general": 2
      },
      "desc": "This equipment array is only useful for characters who have at least one magic skill, and represents characters who use their magic defensively. This works with characters who use any magic skill.",
      "weapons": "None.",
      "equipment": "Magically enhanced robes (3 defense) augmenting magical implement (when the this character casts a spell, may add the Additional Target and Additional Summon effects without increasing the difficulty.  In addition, attack spells cast by this character increase their base damage by two), supernatural healing item (once per session, when this character heals wounds with a healing spell, increase the wounds healed by three).",
      "defense": {
        "ranged defense": 3,
        "melee defense": 3
      }
    },
    {
      "name": "Offensive Magic User",
      "power_level": {
        "combat": 1,
        "social": 0,
        "general": 1
      },
      "desc": "This equipment array is only useful for characters who have at least one magic skill, and represents characters who use their magic to attack. This works with characters who use any magic skill.",
      "weapons": "One-handed melee weapon (Melee [Light]; Damage +3; Critical 2; Range [Engaged]; Defensive 1).",
      "equipment": "Robes (1 defense), offensive magical implement (when the this character casts a spell, the first Range effect they add doesn't increase the difficulty. In addition, attack spells cast by this character increase their base damage by four).",
      "defense": {
        "ranged defense": 1,
        "melee defense": 1
      }
    }
  ],
  "defense": [
    {
      "name": "Tough Skin",
      "ex": "Minions, rivals, nemeses",
      "power_level": {
        "combat": 0,
        "social": 0,
        "general": 0
      },
      "defense": {
        "soak": 1,
        "wound threshold": 2
      }
    },
    {
      "name": "Armored Hide",
      "ex": "Rival or nemesis animals or non-humans",
      "power_level": {
        "combat": 1,
        "social": 0,
        "general": 0
      },
      "defense": {
        "soak": 2,
        "wound threshold": 5
      }
    },
    {
      "name": "Dodgy",
      "ex": "Minions, rivals, nemeses",
      "power_level": {
        "combat": 0,
        "social": 0,
        "general": 0
      },
      "defense": {
        "melee defense": 1,
        "ranged defense": 1
      }
    },
    {
      "name": "Close Combatant",
      "ex": "Rivals, nemeses",
      "power_level": {
        "combat": 0,
        "social": 0,
        "general": 0
      },
      "defense": {
        "melee defense": 2
      }
    },
    {
      "name": "Camouflaged",
      "ex": "Rival or nemesis animals or non-humans",
      "power_level": {
        "combat": 1,
        "social": 0,
        "general": 0
      },
      "defense": {
        "melee defense": 1,
        "ranged defense": 2
      }
    },
    {
      "name": "Hardy",
      "ex": "Rivals, nemeses",
      "power_level": {
        "combat": 0,
        "social": 0,
        "general": 0
      },
      "defense": {
        "wound threshold": 5
      }
    },
    {
      "name": "Very Tough",
      "ex": "Rival animals or non-humans and all nemeses",
      "power_level": {
        "combat": 1,
        "social": 0,
        "general": 0
      },
      "defense": {
        "wound threshold": 10
      }
    },
    {
      "name": "Giant Body",
      "ex": "Silhouette 3 or higher animal rivals and nemeses",
      "power_level": {
        "combat": 2,
        "social": 0,
        "general": 0
      },
      "defense": {
        "wound threshold": 25
      }
    },
    {
      "name": "Savvy",
      "ex": "Nemeses",
      "power_level": {
        "combat": 0,
        "social": 0,
        "general": 0
      },
      "defense": {
        "strain threshold": 5
      }
    },
    {
      "name": "Mental Giant",
      "ex": "Main character nemeses",
      "power_level": {
        "combat": 0,
        "social": 1,
        "general": 0
      },
      "defense": {
        "strain threshold": 10
      }
    }
  ]
}